{"_id":{"$oid":"5cfd3b2d520728108ccdeda5"},"name":"Артур","phone":"(0 9 6) 3 2 2  7 9  2 2","point":"Soborniy, 175","date":{"$date":"2019-06-09T00:00:00Z"},"time":"15:30","cartForOrder":[{"_id":{"$oid":"5cfd3b2d520728108ccdeda6"},"nameProduct":"Сальвадор Лос Пірінеос","priceProduct":"199","quantityProduct":1}],"totalOrderPrice":199,"__v":0}
{"_id":{"$oid":"5d32f930aab08d2728749ba4"},"name":"TEST","phone":"(0 3 2) 5 6 5  5 9  2 2","point":"Soborniy, 172","date":{"$date":"2019-07-30T00:00:00Z"},"time":"18:59","cartForOrder":[{"_id":{"$oid":"5d32f930aab08d2728749ba5"},"nameProduct":"Коста-Ріка Сан Рафаель","priceProduct":"179","quantityProduct":2}],"totalOrderPrice":358,"__v":0}
{"_id":{"$oid":"5d32fa69aab08d2728749ba7"},"name":"TEST3","phone":"(2 6 9) 8 5 5  3 3  2 2","date":{"$date":"2019-07-21T00:00:00Z"},"time":"15:59","cartForOrder":[{"_id":{"$oid":"5d32fa69aab08d2728749ba8"},"nameProduct":"Коста-Ріка Сан Рафаель","priceProduct":"179","quantityProduct":1}],"totalOrderPrice":179,"__v":0}
{"_id":{"$oid":"5d330bb9aab08d2728749baa"},"name":"TEST","phone":"(0 6 5) 8 8 9  5 5  2 2","date":{"$date":"2019-07-20T00:00:00Z"},"time":"18:59","cartForOrder":[{"_id":{"$oid":"5d330bb9aab08d2728749bac"},"nameProduct":"Коста-Ріка Сан Рафаель","priceProduct":"179","quantityProduct":2},{"_id":{"$oid":"5d330bb9aab08d2728749bab"},"nameProduct":"Сальвадор Лос Пірінеос","priceProduct":"199","quantityProduct":1}],"totalOrderPrice":557,"__v":0}
{"_id":{"$oid":"5d330fc2aab08d2728749bb1"},"name":"TEST334","phone":"(5 5 6) 4 5 6  4 6  5 4","date":{"$date":"2019-07-20T00:00:00Z"},"time":"16:58","cartForOrder":[{"_id":{"$oid":"5d330fc2aab08d2728749bb2"},"nameProduct":"Гондурас Сан Iсиндро","priceProduct":"189","quantityProduct":1}],"totalOrderPrice":189,"__v":0}
