{"_id":{"$oid":"5cfcf512633b701188535359"},"imageURL":"http://localhost:3001/locations/zaporozhya_soborniy_151.jpg","lat":47.845184,"lng":35.127187,"mainImageURL":"http://localhost:3001/points/Zaporozhya_Soborniy_151.jpg","pointName":"Soborniy, 151","pointDescription":"Sed ut perspiciatis unde omnis iste natus error sit voluptatem accusantium doloremque laudantium, totam rem aperiam, eaque ipsa quae ab illo inventore veritatis et quasi architecto beatae vitae dicta sunt explicabo. Nemo enim ipsam voluptatem quia voluptas sit aspernatur aut odit aut fugit, sed quia consequuntur magni dolores eos qui ratione voluptatem sequi nesciunt. Neque porro quisquam est, qui dolorem ipsum quia dolor sit amet, consectetur, adipisci velit, sed quia non numquam eius modi tempora incidunt ut labore et dolore magnam aliquam quaerat voluptatem. Ut enim ad minima veniam, quis nostrum exercitationem ullam corporis suscipit laboriosam, nisi ut aliquid ex ea commodi consequatur? Quis autem vel eum iure reprehenderit qui in ea voluptate velit esse quam nihil molestiae consequatur, vel illum qui dolorem eum fugiat quo voluptas nulla pariatur?","neighborhoodPoints":[{"_id":{"$oid":"5cfcf895c3973f1188768a34"},"name":"Soborniy, 172","imageURL":"http://localhost:3001/locations/zaporozhya_soborniy_172.jpg"},{"_id":{"$oid":"5cfcf94ec3973f1188768a35"},"name":"Soborniy, 175","imageURL":"http://localhost:3001/locations/zaporozhya_soborniy_175.jpg"}],"shopData":{"address":"Soborniy, 175","tel":"+380 98 55 63 144","workTime":"8:00 - 22:00"}}
{"_id":{"$oid":"5cfcf895c3973f1188768a34"},"imageURL":"http://localhost:3001/locations/zaporozhya_soborniy_172.jpg","lat":47.841144,"lng":35.135842,"mainImageURL":"http://localhost:3001/points/Zaporozhya_Soborniy_172.jpg","pointName":"Soborniy, 172","pointDescription":"Sed ut perspiciatis unde omnis iste natus error sit voluptatem accusantium doloremque laudantium, totam rem aperiam, eaque ipsa quae ab illo inventore veritatis et quasi architecto beatae vitae dicta sunt explicabo. Nemo enim ipsam voluptatem quia voluptas sit aspernatur aut odit aut fugit, sed quia consequuntur magni dolores eos qui ratione voluptatem sequi nesciunt. Neque porro quisquam est, qui dolorem ipsum quia dolor sit amet, consectetur, adipisci velit, sed quia non numquam eius modi tempora incidunt ut labore et dolore magnam aliquam quaerat voluptatem. Ut enim ad minima veniam, quis nostrum exercitationem ullam corporis suscipit laboriosam, nisi ut aliquid ex ea commodi consequatur? Quis autem vel eum iure reprehenderit qui in ea voluptate velit esse quam nihil molestiae consequatur, vel illum qui dolorem eum fugiat quo voluptas nulla pariatur?","neighborhoodPoints":[{"_id":{"$oid":"5cfcf512633b701188535359"},"name":"Soborniy, 151","imageURL":"http://localhost:3001/locations/zaporozhya_soborniy_151.jpg"},{"_id":{"$oid":"5cfcf94ec3973f1188768a35"},"name":"Soborniy, 175","imageURL":"http://localhost:3001/locations/zaporozhya_soborniy_175.jpg"}],"shopData":{"address":"Soborniy, 172","tel":"+380 98 55 98 524","workTime":"8:00 - 22:00"}}
{"_id":{"$oid":"5cfcf94ec3973f1188768a35"},"imageURL":"http://localhost:3001/locations/zaporozhya_soborniy_175.jpg","lat":47.856248,"lng":35.106643,"mainImageURL":"http://localhost:3001/points/Zaporozhya_Soborniy_175.jpg","pointName":"Soborniy, 175","pointDescription":"Sed ut perspiciatis unde omnis iste natus error sit voluptatem accusantium doloremque laudantium, totam rem aperiam, eaque ipsa quae ab illo inventore veritatis et quasi architecto beatae vitae dicta sunt explicabo. Nemo enim ipsam voluptatem quia voluptas sit aspernatur aut odit aut fugit, sed quia consequuntur magni dolores eos qui ratione voluptatem sequi nesciunt. Neque porro quisquam est, qui dolorem ipsum quia dolor sit amet, consectetur, adipisci velit, sed quia non numquam eius modi tempora incidunt ut labore et dolore magnam aliquam quaerat voluptatem. Ut enim ad minima veniam, quis nostrum exercitationem ullam corporis suscipit laboriosam, nisi ut aliquid ex ea commodi consequatur? Quis autem vel eum iure reprehenderit qui in ea voluptate velit esse quam nihil molestiae consequatur, vel illum qui dolorem eum fugiat quo voluptas nulla pariatur?","neighborhoodPoints":[{"_id":{"$oid":"5cfcf895c3973f1188768a34"},"name":"Soborniy, 172","imageURL":"http://localhost:3001/locations/zaporozhya_soborniy_172.jpg"},{"_id":{"$oid":"5cfcf512633b701188535359"},"name":"Soborniy, 151","imageURL":"http://localhost:3001/locations/zaporozhya_soborniy_151.jpg"}],"shopData":{"address":"Soborniy, 175","tel":"+380 98 55 63 144","workTime":"8:00 - 22:00"}}
{"_id":{"$oid":"5e5a55c58e6e121133e2a2c1"},"imageURL":"http://localhost:3001/locations/zaporozhya_soborniy_98.jpg","lat":47.823539,"lng":35.168991,"mainImageURL":"http://localhost:3001/points/Zaporozhya_Soborniy_98.jpg","pointName":"Soborniy, 98","pointDescription":"Sed ut perspiciatis unde omnis iste natus error sit voluptatem accusantium doloremque laudantium, totam rem aperiam, eaque ipsa quae ab illo inventore veritatis et quasi architecto beatae vitae dicta sunt explicabo. Nemo enim ipsam voluptatem quia voluptas sit aspernatur aut odit aut fugit, sed quia consequuntur magni dolores eos qui ratione voluptatem sequi nesciunt. Neque porro quisquam est, qui dolorem ipsum quia dolor sit amet, consectetur, adipisci velit, sed quia non numquam eius modi tempora incidunt ut labore et dolore magnam aliquam quaerat voluptatem. Ut enim ad minima veniam, quis nostrum exercitationem ullam corporis suscipit laboriosam, nisi ut aliquid ex ea commodi consequatur? Quis autem vel eum iure reprehenderit qui in ea voluptate velit esse quam nihil molestiae consequatur, vel illum qui dolorem eum fugiat quo voluptas nulla pariatur?","neighborhoodPoints":[{"_id":{"$oid":"5cfcf895c3973f1188768a34"},"name":"Soborniy, 172","imageURL":"http://localhost:3001/locations/zaporozhya_soborniy_172.jpg"},{"_id":{"$oid":"5cfcf512633b701188535359"},"name":"Soborniy, 151","imageURL":"http://localhost:3001/locations/zaporozhya_soborniy_151.jpg"}],"shopData":{"address":"Soborniy, 98","tel":"+380 98 55 63 144","workTime":"8:00 - 22:00"}}
