{"_id":{"$oid":"5cfd3864520728108ccdeda1"},"otherPhotos":["http://localhost:3001/products/66UDA_kosta-rika_san_rafael2.jpg","http://localhost:3001/products/GbgLi_kosta-rika_san_rafael3.jpg","http://localhost:3001/products/4jsVq_kosta-rika_san_rafael4.jpg"],"name":"Коста-Ріка Сан Рафаель","price":"172","weight":"200","mainPhoto":"http://localhost:3001/products/BmbJJ_kosta-rika_san_rafael.jpg","type":"красный и желтый катуаи","region":"Тарразу","height":"1550","processing":"мытая","harvestYear":"2017/2018","article":"Коста-Ріка була першою країною в Центральній Америці, запустивши повний цикл виробництва кави в далекому XIX столітті. І на сьогоднішній день, не дивлячись на те, що ця маленька країна виробляє лише близько 1% від світового обсягу, вона має репутацію стабільного виробника якісної митої арабіки.\n\nТарразу є найвідомішим кавовим регіоном Коста Ріки і формує уявлення про місцеве кави в цілому. Наш новий кави в фільтрі - це збірний лот червоного і жовтого катуаі з околиць села Сан Рафаель. Незважаючи на те, що велика частина коста-риканського кави є змішаними лотами від різних фермерів і розділяється лише по місцевості збору, їх якість строго контролюється Національної кавовій асоціацією, гарантуючи в тому числі те, що до фермерів потрапляє не менше 80% експортної вартості продаваного кави .","__v":0,"assessment":"85"}
{"_id":{"$oid":"5cfd3921520728108ccdeda2"},"otherPhotos":["http://localhost:3001/products/7dohf_salvador_los_pirineos2.jpg","http://localhost:3001/products/nedAw_salvador_los_pirineos3.jpg","http://localhost:3001/products/cPeA2_salvador_los_pirineos4.jpg"],"name":"Сальвадор Лос Пірінеос","price":"199","weight":"200","mainPhoto":"http://localhost:3001/products/NEUdQ_salvador_los_pirineos.jpg","type":"Пакамара","region":"Усулутан","height":"1350-1550","processing":"Хани","harvestYear":"2018","article":"Лос Пірінеос - одна з найбільш відомих і відомих ферм в Сальвадорі. Розташована на вершині вулкана Тепека і існує з 1880 року. Велика частина дерев росте в тіні, що забезпечує повільне дозрівання і велика кількість цукрів в ягоді.\n\nВласник ферми, Джильберто Бараона, за останні 15 років сфокусувався на експериментах з ферментації і новими різновидами, що призвело до значного поліпшення якості виробленого кави і перемогам на Cup Of Excellence протягом багатьох років. Джильберто встиг виростити на фермі більше 70 різновидів, з яких в постійному виробництві знаходиться близько 15. В основному на Лос Пірінеос культивують бурбон, пакас і пакамару, і виробляють багато мікролотов. Наш лот повністю складається з пакамари (гібрид пакаса і Марагоджипа). Звідси збільшений розмір зерен і яскравий смак сливи та груші в чашці. Обробка хани, при якій зерна сушаться в Парчмент без видалення клейковини, дає цьому кава високу солодкість і приємне винне післясмак, без вираженого смаку ферменту.","__v":0}
{"_id":{"$oid":"5cfd39b4520728108ccdeda3"},"otherPhotos":["http://localhost:3001/products/u6mZX_burundi_butegana2.jpg","http://localhost:3001/products/Bd4HV_burundi_butegana3.jpg","http://localhost:3001/products/GYVrs_burundi_butegana4.jpg"],"name":"Бурунді Бутегана","price":"179","weight":"250","mainPhoto":"http://localhost:3001/products/t04Uq_burundi_butegana.jpg","type":"Бурбон","region":"Каянза","height":"1612","processing":"Мита","harvestYear":"2017","article":"Станція обробки Бутегана є найстарішою в усьому Бурунді і працює з 1972 року. Розташована в регіоні Каянза, станція знаходиться під управлінням компанії Greenco і приймає урожай у більш ніж 2900 місцевих фермерів.\n\nКава з Каянзи - досить простий і як правило не володіє видатним смаком або кислотністю. Але ми любимо його за збалансованість, яка потрібна була нам, коли ми запускали у себе фільтр кави. З попередньої Каянзой, збірним лотом # 1201, ми пропрацювали в фільтрі майже рік, і ви добре знаєте її характерний ягідний профіль. У нашому новому Бурунді ви знайдете незвичайний для цього регіону свіжий смак зеленого яблука і легке тіло, що нагадує чорний чай. Це більш простежується лот, оброблений на одній станції","__v":0,"assessment":"87"}
{"_id":{"$oid":"5cfd3a72520728108ccdeda4"},"otherPhotos":["http://localhost:3001/products/XWpZ6_gonduras_san_isidro2.jpg","http://localhost:3001/products/Tcgvg_gonduras_san_isidro3.jpg","http://localhost:3001/products/v1yg1_gonduras_san_isidro4.jpg"],"name":"Гондурас Сан Iсиндро","price":"189","weight":"250","mainPhoto":"http://localhost:3001/products/6GZxV_gonduras_san_isidro.jpg","type":"Бурбон","region":"Каянза","height":"1800","processing":"Мита","harvestYear":"2019","article":"Sed ut perspiciatis unde omnis iste natus error sit voluptatem accusantium doloremque laudantium, totam rem aperiam, eaque ipsa quae ab illo inventore veritatis et quasi architecto beatae vitae dicta sunt explicabo. Nemo enim ipsam voluptatem quia voluptas sit aspernatur aut odit aut fugit, sed quia consequuntur magni dolores eos qui ratione voluptatem sequi nesciunt. Neque porro quisquam est, qui dolorem ipsum quia dolor sit amet, consectetur, adipisci velit, sed quia non numquam eius modi tempora incidunt ut labore et dolore magnam aliquam quaerat voluptatem. Ut enim ad minima veniam, quis nostrum exercitationem ullam corporis suscipit laboriosam, nisi ut aliquid ex ea commodi consequatur? Quis autem vel eum iure reprehenderit qui in ea voluptate velit esse quam nihil molestiae consequatur, vel illum qui dolorem eum fugiat quo voluptas nulla pariatur?","__v":0}
