{"_id":{"$oid":"5e3f2ab9d753242c14906b55"},"status":"valid","token":"0b525388d3ee9ca20d17c9d826121e54","csrfToken":"61b07d1801a734946cc5f26e3bed0231","userId":{"$oid":"5cfd35b9f8e3e11e4804b7b8"},"createdAt":{"$date":"2020-02-08T21:40:09.262Z"},"__v":0}
{"_id":{"$oid":"5e3f2c368632a5333d892baa"},"status":"valid","token":"6968fbd582fae936111d382e101e38fd","csrfToken":"47d336ecea2721c0bc642e9e6dda3530","userId":{"$oid":"5cfd35b9f8e3e11e4804b7b8"},"createdAt":{"$date":"2020-02-08T21:46:30.763Z"},"__v":0}
{"_id":{"$oid":"5e3f2ca1ed8daa33d55f992e"},"status":"valid","token":"5d5e7b5a525e65e4acbba5fe0fe5a0ac","csrfToken":"a14a8ac3ac5350c0a4aa335af0b9fe63","userId":{"$oid":"5cfd35b9f8e3e11e4804b7b8"},"createdAt":{"$date":"2020-02-08T21:48:17.124Z"},"__v":0}
{"_id":{"$oid":"5e3f2d23ed8daa33d55f992f"},"status":"expired","token":"e4ec119f2243624cdb7b990e43510a99","csrfToken":"bc06407a9b57cf196c5850ae1a1977c6","userId":{"$oid":"5cfd35b9f8e3e11e4804b7b8"},"createdAt":{"$date":"2020-02-08T21:50:27.783Z"},"__v":0}
{"_id":{"$oid":"5e3f34cb09eb90423ad38c0e"},"status":"expired","token":"8b2a61b83c45b69c77c5058b4e9e6164","csrfToken":"342878ad651008a57f6aea46b18afac8","userId":{"$oid":"5cfd35b9f8e3e11e4804b7b8"},"createdAt":{"$date":"2020-02-08T22:23:07.63Z"},"__v":0}
{"_id":{"$oid":"5e3f352c49f5e54304344da9"},"status":"expired","token":"710de3fc48cc397ee2eb09f4b2879927","csrfToken":"b48ef3b3d113ff9f47f80c72095f4f1f","userId":{"$oid":"5cfd35b9f8e3e11e4804b7b8"},"createdAt":{"$date":"2020-02-08T22:24:44.267Z"},"__v":0}
{"_id":{"$oid":"5e3f37a58e9a8a478a0bb879"},"status":"valid","token":"2d0a998dfa04698a76a0f2aaa88e6265","csrfToken":"e6a26b2b4f5507cc37a05080fd8fe4af","userId":{"$oid":"5cfd35b9f8e3e11e4804b7b8"},"createdAt":{"$date":"2020-02-08T22:35:17.067Z"},"__v":0}
{"_id":{"$oid":"5e5a3ca2e09c64171780e2df"},"status":"valid","token":"e71c8563b12c30c16f0cc0e86be292a8","csrfToken":"d24f41b2c2c352d045b71a7144f3c728","userId":{"$oid":"5cfd35b9f8e3e11e4804b7b8"},"createdAt":{"$date":"2020-02-29T10:27:46.595Z"},"__v":0}
